USE TTTH;

INSERT INTO NHANVIEN VALUES ('NV01',N'TRỊNH VĂN TẤN','0909123456','ABC@GMAIL.COM','346 BẾN VÂN ĐỒN, P1, Q4, TPHCM',N'KẾ TOÁN');
INSERT INTO NHANVIEN VALUES ('NV02',N'TRỊNH VĂN ÂN','0909123457','ABC1@GMAIL.COM','346 BẾN VÂN ĐỒN, P1, Q4, TPHCM',N'TIẾP NHẬN');
INSERT INTO NHANVIEN VALUES ('NV03',N'TRỊNH VĂN LONG','0909123458','ABC2@GMAIL.COM','346 BẾN VÂN ĐỒN, P1, Q4, TPHCM',N'KẾ TOÁN');
INSERT INTO NHANVIEN VALUES ('NV04',N'TRỊNH VĂN THẢO','0909123496','ABC3@GMAIL.COM','346 BẾN VÂN ĐỒN, P1, Q4, TPHCM',N'TIẾP NHẬN');
INSERT INTO NHANVIEN VALUES ('NV05',N'TRỊNH VĂN TRÚC','0909124456','ABC4@GMAIL.COM','346 BẾN VÂN ĐỒN, P1, Q4, TPHCM',N'KẾ TOÁN');
INSERT INTO NHANVIEN VALUES ('NV06',N'TRỊNH VĂN TÚC','0909123486','ABC5@GMAIL.COM','346 BẾN VÂN ĐỒN, P1, Q4, TPHCM',N'TIẾP NHẬN');
INSERT INTO NHANVIEN VALUES ('NV07',N'TRỊNH VĂN TONG','0909123636','ABC6@GMAIL.COM','346 BẾN VÂN ĐỒN, P1, Q4, TPHCM',N'KẾ TOÁN');
INSERT INTO NHANVIEN VALUES ('NV08',N'TRỊNH VĂN TẢO','0909123474','ABC7@GMAIL.COM','346 BẾN VÂN ĐỒN, P1, Q4, TPHCM',N'TIẾP NHẬN');
INSERT INTO NHANVIEN VALUES ('NV09',N'TRỊNH VĂN ONG','0909123236','ABC8@GMAIL.COM','346 BẾN VÂN ĐỒN, P1, Q4, TPHCM',N'KẾ TOÁN');
INSERT INTO NHANVIEN VALUES ('NV10',N'TRỊNH VĂN ẢO','0909123006','ABC9@GMAIL.COM','346 BẾN VÂN ĐỒN, P1, Q4, TPHCM',N'TIẾP NHẬN');

INSERT INTO GIAOVIEN VALUES ('GV01',N'VŨ THÀNH LONG','0123456789','GV1@GMAIL.COM','348 BẾN VÂN ĐỒN, P1, Q4, TPHCM',N'RẢNH');
INSERT INTO GIAOVIEN VALUES ('GV02',N'VŨ THÀNH TẤN','0123456789','GV2@GMAIL.COM','348 BẾN VÂN ĐỒN, P1, Q4, TPHCM',N'RẢNH');
INSERT INTO GIAOVIEN VALUES ('GV03',N'VŨ THÀNH ÂN','0123456789','GV3@GMAIL.COM','348 BẾN VÂN ĐỒN, P1, Q4, TPHCM',N'RẢNH');
INSERT INTO GIAOVIEN VALUES ('GV04',N'VŨ THÀNH TRÚC','0123456789','GV4@GMAIL.COM','348 BẾN VÂN ĐỒN, P1, Q4, TPHCM',N'RẢNH');
INSERT INTO GIAOVIEN VALUES ('GV05',N'VŨ THÀNH THẢO','0123456789','GV5@GMAIL.COM','348 BẾN VÂN ĐỒN, P1, Q4, TPHCM',N'RẢNH');
INSERT INTO GIAOVIEN VALUES ('GV06',N'VŨ THÀNH ẤN','0123456789','GV6@GMAIL.COM','348 BẾN VÂN ĐỒN, P1, Q4, TPHCM',N'RẢNH');
INSERT INTO GIAOVIEN VALUES ('GV07',N'VŨ THÀNH LÂN','0123456789','GV7@GMAIL.COM','348 BẾN VÂN ĐỒN, P1, Q4, TPHCM',N'RẢNH');
INSERT INTO GIAOVIEN VALUES ('GV08',N'VŨ THÀNH LẢO','0123456789','GV8@GMAIL.COM','348 BẾN VÂN ĐỒN, P1, Q4, TPHCM',N'RẢNH');
INSERT INTO GIAOVIEN VALUES ('GV09',N'VŨ THÀNH TRẤN','0123456789','GV9@GMAIL.COM','348 BẾN VÂN ĐỒN, P1, Q4, TPHCM',N'RẢNH');
INSERT INTO GIAOVIEN VALUES ('GV10',N'VŨ THÀNH TRONG','0123456789','GV10@GMAIL.COM','348 BẾN VÂN ĐỒN, P1, Q4, TPHCM',N'RẢNH');

INSERT INTO HOCPHAN VALUES ('HP02',N'PYTHON CƠ BẢN','0',NULL,NULL);
INSERT INTO HOCPHAN VALUES ('HP01',N'PYTHON NÂNG CAO','1','HP02',N'PYTHON CƠ BẢN');
INSERT INTO HOCPHAN VALUES ('HP04',N'JAVA CƠ BẢN','0',NULL,NULL);
INSERT INTO HOCPHAN VALUES ('HP03',N'XỬ LÝ NGÔN NGỮ TỰ NHIÊN','0',NULL,NULL);
INSERT INTO HOCPHAN VALUES ('HP05',N'TOÁN ỨNG DỤNG','0',NULL,NULL);
INSERT INTO HOCPHAN VALUES ('HP06',N'TIN HỌC VĂN PHÒNG','0',NULL,NULL);
INSERT INTO HOCPHAN VALUES ('HP07',N'THIẾT KẾ UI','0',NULL,NULL);
INSERT INTO HOCPHAN VALUES ('HP08',N'KIỂM THỬ PHẦN MỀM','0',NULL,NULL);
INSERT INTO HOCPHAN VALUES ('HP09',N'HỌC MÁY','0',NULL,NULL);
INSERT INTO HOCPHAN VALUES ('HP10',N'QUẢN LÝ HỆ THỐNG ORACLE','0',NULL,NULL);

INSERT INTO PHONGHOC VALUES ('I21');
INSERT INTO PHONGHOC VALUES ('I31');
INSERT INTO PHONGHOC VALUES ('I32');
INSERT INTO PHONGHOC VALUES ('I34');
INSERT INTO PHONGHOC VALUES ('I41');
INSERT INTO PHONGHOC VALUES ('I42');
INSERT INTO PHONGHOC VALUES ('I44');
INSERT INTO PHONGHOC VALUES ('I51');
INSERT INTO PHONGHOC VALUES ('I52');
INSERT INTO PHONGHOC VALUES ('I10');

INSERT INTO KHOAHOC VALUES ('2017',1);
INSERT INTO KHOAHOC VALUES ('2017',2);
INSERT INTO KHOAHOC VALUES ('2018',1);
INSERT INTO KHOAHOC VALUES ('2018',2);
INSERT INTO KHOAHOC VALUES ('2019',1);
INSERT INTO KHOAHOC VALUES ('2019',2);
INSERT INTO KHOAHOC VALUES ('2020',1);
INSERT INTO KHOAHOC VALUES ('2020',2);
INSERT INTO KHOAHOC VALUES ('2021',1);
INSERT INTO KHOAHOC VALUES ('2021',2);
INSERT INTO KHOAHOC VALUES ('0',0);

INSERT INTO HOCPHANMO VALUES('HP01','2021',1,'GV01',1,800000,1,'2-4-6');
INSERT INTO HOCPHANMO VALUES('HP02','2020',1,'GV02',30,800000,2,'3-5-7');
INSERT INTO HOCPHANMO VALUES('HP02','2021',1,'GV07',0,800000,3,'3-5-7');
INSERT INTO HOCPHANMO VALUES('HP04','2020',1,'GV03',30,800000,1,'2-4-6');
INSERT INTO HOCPHANMO VALUES('HP03','2021',1,'GV08',1,800000,2,'3-5-7');
INSERT INTO HOCPHANMO VALUES('HP04','2021',1,'GV04',0,800000,3,'3-5-7');
INSERT INTO HOCPHANMO VALUES('HP05','2021',1,'GV05',0,800000,1,'2-4-6');
INSERT INTO HOCPHANMO VALUES('HP06','2021',1,'GV06',0,800000,2,'3-5-7');
INSERT INTO HOCPHANMO VALUES('HP07','2021',1,'GV07',4,800000,3,'2-4-6');
INSERT INTO HOCPHANMO VALUES('HP08','2021',1,'GV09',3,800000,1,'3-5-7');
INSERT INTO HOCPHANMO VALUES('HP09','2021',1,'GV10',1,800000,2,'CN');
INSERT INTO HOCPHANMO VALUES('HP10','2021',1,'GV02',0,800000,3,'CN');
INSERT INTO HOCPHANMO VALUES('HP01','0',0,NULL, NULL, NULL, NULL, NULL);
INSERT INTO HOCPHANMO VALUES('HP02','0',0,NULL, NULL, NULL, NULL, NULL);
INSERT INTO HOCPHANMO VALUES('HP03','0',0,NULL, NULL, NULL, NULL, NULL);
INSERT INTO HOCPHANMO VALUES('HP04','0',0,NULL, NULL, NULL, NULL, NULL);
INSERT INTO HOCPHANMO VALUES('HP05','0',0,NULL, NULL, NULL, NULL, NULL);
INSERT INTO HOCPHANMO VALUES('HP06','0',0,NULL, NULL, NULL, NULL, NULL);
INSERT INTO HOCPHANMO VALUES('HP07','0',0,NULL, NULL, NULL, NULL, NULL);
INSERT INTO HOCPHANMO VALUES('HP08','0',0,NULL, NULL, NULL, NULL, NULL);
INSERT INTO HOCPHANMO VALUES('HP09','0',0,NULL, NULL, NULL, NULL, NULL);
INSERT INTO HOCPHANMO VALUES('HP10','0',0,NULL, NULL, NULL, NULL, NULL);

INSERT INTO CHITIETPHONGHOC VALUES('HP01','2021',1,'I21');
INSERT INTO CHITIETPHONGHOC VALUES('HP02','2021',1,'I31');
INSERT INTO CHITIETPHONGHOC VALUES('HP03','2021',1,'I32');
INSERT INTO CHITIETPHONGHOC VALUES('HP04','2021',1,'I34');
INSERT INTO CHITIETPHONGHOC VALUES('HP05','2021',1,'I41');
INSERT INTO CHITIETPHONGHOC VALUES('HP06','2021',1,'I42');
INSERT INTO CHITIETPHONGHOC VALUES('HP07','2021',1,'I44');
INSERT INTO CHITIETPHONGHOC VALUES('HP08','2021',1,'I51');
INSERT INTO CHITIETPHONGHOC VALUES('HP09','2021',1,'I52');
INSERT INTO CHITIETPHONGHOC VALUES('HP10','2021',1,'I10');

INSERT INTO NGUOITHAMGIA VALUES ('025974569870');
INSERT INTO NGUOITHAMGIA VALUES ('025974569871');
INSERT INTO NGUOITHAMGIA VALUES ('025974569872');
INSERT INTO NGUOITHAMGIA VALUES ('025974569873');
INSERT INTO NGUOITHAMGIA VALUES ('025974569874');
INSERT INTO NGUOITHAMGIA VALUES ('025974569875');
INSERT INTO NGUOITHAMGIA VALUES ('025974569876');
INSERT INTO NGUOITHAMGIA VALUES ('025974569877');
INSERT INTO NGUOITHAMGIA VALUES ('025974569878');
INSERT INTO NGUOITHAMGIA VALUES ('025974569879');
INSERT INTO NGUOITHAMGIA VALUES ('012345678912');
INSERT INTO NGUOITHAMGIA VALUES ('012345678913');
INSERT INTO NGUOITHAMGIA VALUES ('012345678914');
INSERT INTO NGUOITHAMGIA VALUES ('012345678915');
INSERT INTO NGUOITHAMGIA VALUES ('012345678916');
INSERT INTO NGUOITHAMGIA VALUES ('012345678917');
INSERT INTO NGUOITHAMGIA VALUES ('012345678918');
INSERT INTO NGUOITHAMGIA VALUES ('012345678919');
INSERT INTO NGUOITHAMGIA VALUES ('012345678920');
INSERT INTO NGUOITHAMGIA VALUES ('012345678921');

INSERT INTO HOCVIEN VALUES ('HV01','012345678912',N'HOÀNG NGUYÊN TRÚC',N'123 NGUYỄN TRÃI, Q5','0909142536','HV01@GMAIL.COM');
INSERT INTO HOCVIEN VALUES ('HV09','012345678913',N'HOÀNG NGUYÊN ÂN',N'123 NGUYỄN TRÃI, Q5','0909142531','HV09@GMAIL.COM');
INSERT INTO HOCVIEN VALUES ('HV02','012345678914',N'HOÀNG NGUYÊN TẤN',N'123 NGUYỄN TRÃI, Q5','0909142532','HV02@GMAIL.COM');
INSERT INTO HOCVIEN VALUES ('HV03','012345678915',N'HOÀNG NGUYÊN LONG',N'123 NGUYỄN TRÃI, Q5','0909142556','HV03@GMAIL.COM');
INSERT INTO HOCVIEN VALUES ('HV04','012345678916',N'HOÀNG NGUYÊN TRÂN',N'123 NGUYỄN TRÃI, Q5','0909142596','HV04@GMAIL.COM');
INSERT INTO HOCVIEN VALUES ('HV05','012345678917',N'HOÀNG NGUYÊN TRẤN',N'123 NGUYỄN TRÃI, Q5','0909142576','HV05@GMAIL.COM');
INSERT INTO HOCVIEN VALUES ('HV06','012345678918',N'HOÀNG NGUYÊN THẢO',N'123 NGUYỄN TRÃI, Q5','0909142586','HV06@GMAIL.COM');
INSERT INTO HOCVIEN VALUES ('HV07','012345678919',N'HOÀNG NGUYÊN TRẢO',N'123 NGUYỄN TRÃI, Q5','0909142536','HV07@GMAIL.COM');
INSERT INTO HOCVIEN VALUES ('HV08','012345678920',N'HOÀNG NGUYÊN TRAO',N'123 NGUYỄN TRÃI, Q5','0909142516','HV08@GMAIL.COM');
INSERT INTO HOCVIEN VALUES ('HV10','012345678921',N'HOÀNG NGUYÊN TRONG',N'123 NGUYỄN TRÃI, Q5','0909142636','HV10@GMAIL.COM');

INSERT INTO CHUNGCHI VALUES ('TH01',N'PYTHON NÂNG CAO');
INSERT INTO CHUNGCHI VALUES ('TH02',N'PYTHON CƠ BẢN');
INSERT INTO CHUNGCHI VALUES ('TH03',N'JAVA NÂNG CAO');
INSERT INTO CHUNGCHI VALUES ('TH04',N'JAVA CƠ BẢN');
INSERT INTO CHUNGCHI VALUES ('TH05',N'TOÁN ỨNG DỤNG');
INSERT INTO CHUNGCHI VALUES ('TH06',N'TIN HỌC VĂN PHÒNG');
INSERT INTO CHUNGCHI VALUES ('TH07',N'THIẾT KẾ UI');
INSERT INTO CHUNGCHI VALUES ('TH08',N'KIỂM THỬ PHẦN MỀM');
INSERT INTO CHUNGCHI VALUES ('TH09',N'SỬ DỤNG ORACLE');
INSERT INTO CHUNGCHI VALUES ('TH10',N'QUẢN LÝ HỆ THỐNG ORACLE');

INSERT INTO DOITUONGKHAC VALUES ('025974569870',N'PHAN ÂN',N'346 TRẦN HƯNG ĐẠO, P1, Q4','1234567890','KHAC01@GMAIL.COM');
INSERT INTO DOITUONGKHAC VALUES ('025974569871',N'PHAN LONG',N'346 TRẦN HƯNG ĐẠO, P1, Q4','1234567890','KHAC02@GMAIL.COM');
INSERT INTO DOITUONGKHAC VALUES ('025974569872',N'PHAN TẤN',N'346 TRẦN HƯNG ĐẠO, P1, Q4','1234567890','KHAC03@GMAIL.COM');
INSERT INTO DOITUONGKHAC VALUES ('025974569873',N'PHAN ẤN',N'346 TRẦN HƯNG ĐẠO, P1, Q4','1234567890','KHAC04@GMAIL.COM');
INSERT INTO DOITUONGKHAC VALUES ('025974569874',N'PHAN TRÚC',N'346 TRẦN HƯNG ĐẠO, P1, Q4','1234567890','KHAC05@GMAIL.COM');
INSERT INTO DOITUONGKHAC VALUES ('025974569875',N'PHAN TRẤN',N'346 TRẦN HƯNG ĐẠO, P1, Q4','1234567890','KHAC06@GMAIL.COM');
INSERT INTO DOITUONGKHAC VALUES ('025974569876',N'PHAN THẢO',N'346 TRẦN HƯNG ĐẠO, P1, Q4','1234567890','KHAC07@GMAIL.COM');
INSERT INTO DOITUONGKHAC VALUES ('025974569877',N'PHAN THÂN',N'346 TRẦN HƯNG ĐẠO, P1, Q4','1234567890','KHAC08@GMAIL.COM');
INSERT INTO DOITUONGKHAC VALUES ('025974569878',N'PHAN LÂN',N'346 TRẦN HƯNG ĐẠO, P1, Q4','1234567890','KHAC09@GMAIL.COM');
INSERT INTO DOITUONGKHAC VALUES ('025974569879',N'PHAN TÂN',N'346 TRẦN HƯNG ĐẠO, P1, Q4','1234567890','KHAC10@GMAIL.COM');

INSERT INTO CHUNGCHIQUOCTE VALUES('OCA',N'ORACLE CERTIFICATE ASSOCIATE',300000,1200000);
INSERT INTO CHUNGCHIQUOCTE VALUES('OCP',N'ORACLE CERTIFICATE PROFESSIONAL',300000,1200000);
INSERT INTO CHUNGCHIQUOCTE VALUES('OCM',N'ORACLE CERTIFICATE MASTER',300000,1200000);
INSERT INTO CHUNGCHIQUOCTE VALUES('OCE',N'ORACLE CERTIFICATE EXPERT',300000,1200000);
INSERT INTO CHUNGCHIQUOCTE VALUES('MOS',N'MICROSOFT OFFICE SPECIALIST',300000,1000000);
INSERT INTO CHUNGCHIQUOCTE VALUES('MAC',N'MICROSOFT AZURE CERTIFICATE',300000,1000000);

INSERT INTO DS_CHUNGCHI VALUES ('TH02','HV02');
INSERT INTO DS_CHUNGCHI VALUES ('TH04','HV03');
--INSERT INTO DS_CHUNGCHI VALUES ('HV02','TH02');
--INSERT INTO DS_CHUNGCHI VALUES ('HV03','TH03');
--INSERT INTO DS_CHUNGCHI VALUES ('HV03','TH04');
--INSERT INTO DS_CHUNGCHI VALUES ('HV04','TH07');
--INSERT INTO DS_CHUNGCHI VALUES ('HV05','TH07');
--INSERT INTO DS_CHUNGCHI VALUES ('HV06','TH07');
--INSERT INTO DS_CHUNGCHI VALUES ('HV07','TH07');
--INSERT INTO DS_CHUNGCHI VALUES ('HV08','TH08');
--INSERT INTO DS_CHUNGCHI VALUES ('HV09','TH08');
--INSERT INTO DS_CHUNGCHI VALUES ('HV10','TH08');

INSERT INTO HD_CHUNGCHI VALUES('HC01','025974569870','NV01',1500000,'2021-04-05','TIEN MAT');
INSERT INTO HD_CHUNGCHI VALUES('HC02','025974569871','NV01',1500000,'2021-04-05','TIEN MAT');
INSERT INTO HD_CHUNGCHI VALUES('HC03','025974569872','NV01',1500000,'2021-04-05','TIEN MAT');
INSERT INTO HD_CHUNGCHI VALUES('HC04','025974569873','NV01',1500000,'2021-04-05','TIEN MAT');
INSERT INTO HD_CHUNGCHI VALUES('HC05','025974569874','NV01',1500000,'2021-04-05','TIEN MAT');
INSERT INTO HD_CHUNGCHI VALUES('HC06','025974569875','NV01',1500000,'2021-04-05','TIEN MAT');
INSERT INTO HD_CHUNGCHI VALUES('HC07','025974569876','NV01',1500000,'2021-04-05','TIEN MAT');
INSERT INTO HD_CHUNGCHI VALUES('HC08','025974569877','NV01',1500000,'2021-04-05','TIEN MAT');
INSERT INTO HD_CHUNGCHI VALUES('HC09','025974569878','NV01',1500000,'2021-04-05','TIEN MAT');
INSERT INTO HD_CHUNGCHI VALUES('HC10','025974569879','NV01',1500000,'2021-04-05','TIEN MAT');

INSERT INTO CTHD_CHUNGCHI VALUES ('OCA','HC01',1500000);
INSERT INTO CTHD_CHUNGCHI VALUES ('OCA','HC02',1500000);
INSERT INTO CTHD_CHUNGCHI VALUES ('OCA','HC03',1500000);
INSERT INTO CTHD_CHUNGCHI VALUES ('OCA','HC04',1500000);
INSERT INTO CTHD_CHUNGCHI VALUES ('OCA','HC05',1500000);
INSERT INTO CTHD_CHUNGCHI VALUES ('OCA','HC06',1500000);
INSERT INTO CTHD_CHUNGCHI VALUES ('OCA','HC07',1500000);
INSERT INTO CTHD_CHUNGCHI VALUES ('OCA','HC08',1500000);
INSERT INTO CTHD_CHUNGCHI VALUES ('OCA','HC09',1500000);
INSERT INTO CTHD_CHUNGCHI VALUES ('OCA','HC10',1500000);

INSERT INTO PHIEUDUTHI VALUES ('025974569870','OCA','HC01','2021-05-10',N'CƠ SỞ NGUYỄN VĂN CỪ');
INSERT INTO PHIEUDUTHI VALUES ('025974569871','OCA','HC02','2021-05-10',N'CƠ SỞ NGUYỄN VĂN CỪ');
INSERT INTO PHIEUDUTHI VALUES ('025974569872','OCA','HC03','2021-05-10',N'CƠ SỞ NGUYỄN VĂN CỪ');
INSERT INTO PHIEUDUTHI VALUES ('025974569873','OCA','HC04','2021-05-10',N'CƠ SỞ NGUYỄN VĂN CỪ');
INSERT INTO PHIEUDUTHI VALUES ('025974569874','OCA','HC05','2021-05-10',N'CƠ SỞ NGUYỄN VĂN CỪ');
INSERT INTO PHIEUDUTHI VALUES ('025974569875','OCA','HC06','2021-05-10',N'CƠ SỞ NGUYỄN VĂN CỪ');
INSERT INTO PHIEUDUTHI VALUES ('025974569876','OCA','HC07','2021-05-10',N'CƠ SỞ NGUYỄN VĂN CỪ');
INSERT INTO PHIEUDUTHI VALUES ('025974569877','OCA','HC08','2021-05-10',N'CƠ SỞ NGUYỄN VĂN CỪ');
INSERT INTO PHIEUDUTHI VALUES ('025974569878','OCA','HC09','2021-05-10',N'CƠ SỞ NGUYỄN VĂN CỪ');
INSERT INTO PHIEUDUTHI VALUES ('025974569879','OCA','HC10','2021-05-10',N'CƠ SỞ NGUYỄN VĂN CỪ');

INSERT INTO CONGTY VALUES ('0001','HV01',N'KMS TECH');
INSERT INTO CONGTY VALUES ('0001','HV02',N'KMS TECH');
INSERT INTO CONGTY VALUES ('0001','HV03',N'KMS TECH');
INSERT INTO CONGTY VALUES ('0001','HV04',N'KMS TECH');
INSERT INTO CONGTY VALUES ('0002','HV05',N'ZALO');
INSERT INTO CONGTY VALUES ('0003','HV06',N'INTEL');

INSERT INTO DANGKY VALUES ('HP09','2021',1,'HV01','NV02','2021-01-05');
INSERT INTO DANGKY VALUES ('HP01','2021',1,'HV02','NV02','2021-01-05');
/*INSERT INTO DANGKY VALUES ('HP02','2020',1,'HV02','NV02','2020-01-05');
INSERT INTO DANGKY VALUES ('HP04','2020',1,'HV03','NV02','2020-01-05');
INSERT INTO DANGKY VALUES ('HP07','2021',1,'HV04','NV02','2021-01-05');
INSERT INTO DANGKY VALUES ('HP07','2021',1,'HV05','NV02','2021-01-05');
INSERT INTO DANGKY VALUES ('HP07','2021',1,'HV06','NV02','2021-01-05');
INSERT INTO DANGKY VALUES ('HP07','2021',1,'HV07','NV02','2021-01-05');
INSERT INTO DANGKY VALUES ('HP08','2021',1,'HV08','NV02','2021-01-05');
INSERT INTO DANGKY VALUES ('HP08','2021',1,'HV09','NV02','2021-01-05');
INSERT INTO DANGKY VALUES ('HP08','2021',1,'HV10','NV02','2021-01-05');*/

INSERT INTO HOADONHOCPHAN VALUES ('HH01','NV03','HV01',800000,'2021-01-05',N'TIỀN MẶT');
INSERT INTO HOADONHOCPHAN VALUES ('HH02','NV03','HV02',800000,'2020-01-05',N'TIỀN MẶT');
INSERT INTO HOADONHOCPHAN VALUES ('HH03','NV03','HV02',800000,'2020-01-05',N'TIỀN MẶT');
INSERT INTO HOADONHOCPHAN VALUES ('HH04','NV03','HV03',800000,'2021-01-05',N'TIỀN MẶT');
INSERT INTO HOADONHOCPHAN VALUES ('HH05','NV03','HV03',800000,'2021-01-05',N'TIỀN MẶT');
INSERT INTO HOADONHOCPHAN VALUES ('HH06','NV03','HV04',800000,'2021-01-05',N'TIỀN MẶT');
INSERT INTO HOADONHOCPHAN VALUES ('HH07','NV03','HV05',800000,'2021-01-05',N'TIỀN MẶT');
INSERT INTO HOADONHOCPHAN VALUES ('HH08','NV03','HV06',800000,'2021-01-05',N'TIỀN MẶT');
INSERT INTO HOADONHOCPHAN VALUES ('HH09','NV03','HV07',800000,'2021-01-05',N'TIỀN MẶT');
INSERT INTO HOADONHOCPHAN VALUES ('HH10','NV03','HV08',800000,'2021-01-05',N'TIỀN MẶT');
INSERT INTO HOADONHOCPHAN VALUES ('HH11','NV03','HV09',800000,'2021-01-05',N'TIỀN MẶT');
INSERT INTO HOADONHOCPHAN VALUES ('HH12','NV03','HV10',800000,'2021-01-05',N'TIỀN MẶT');
--INSERT INTO HOADONHOCPHAN VALUES ('HH11','NV03','HV01',800000,'2021-01-05',N'TIỀN MẶT');
--INSERT INTO HOADONHOCPHAN VALUES ('HH12','NV03','HV01',800000,'2021-01-05',N'TIỀN MẶT');

INSERT INTO CTHD_HOCPHAN VALUES ('HP09','2021',1,'HH01');
INSERT INTO CTHD_HOCPHAN VALUES ('HP01','2021',1,'HH02');
INSERT INTO CTHD_HOCPHAN VALUES ('HP02','2020',1,'HH02');
INSERT INTO CTHD_HOCPHAN VALUES ('HP03','2021',1,'HH03');
INSERT INTO CTHD_HOCPHAN VALUES ('HP04','2020',1,'HH03');
INSERT INTO CTHD_HOCPHAN VALUES ('HP07','2021',1,'HH04');
INSERT INTO CTHD_HOCPHAN VALUES ('HP07','2021',1,'HH05');
INSERT INTO CTHD_HOCPHAN VALUES ('HP07','2021',1,'HH06');
INSERT INTO CTHD_HOCPHAN VALUES ('HP07','2021',1,'HH07');
INSERT INTO CTHD_HOCPHAN VALUES ('HP08','2021',1,'HH08');
INSERT INTO CTHD_HOCPHAN VALUES ('HP08','2021',1,'HH09');
INSERT INTO CTHD_HOCPHAN VALUES ('HP08','2021',1,'HH10');

INSERT INTO KETQUAHOCPHAN VALUES('HP09','2021',1,'HV01',9,'2020-08-30',NULL,0);
INSERT INTO KETQUAHOCPHAN VALUES('HP01','2021',1,'HV02',8,'2020-08-30',NULL,0);
INSERT INTO KETQUAHOCPHAN VALUES('HP02','2020',1,'HV02',9,'2020-08-30',NULL,0);
INSERT INTO KETQUAHOCPHAN VALUES('HP03','2021',1,'HV03',8,'2020-08-30',NULL,0);
INSERT INTO KETQUAHOCPHAN VALUES('HP04','2020',1,'HV03',7,'2020-08-30',NULL,0);
INSERT INTO KETQUAHOCPHAN VALUES('HP07','2021',1,'HV04',9,'2020-08-30',NULL,0);
INSERT INTO KETQUAHOCPHAN VALUES('HP07','2021',1,'HV05',1,NULL,'2020-09-30',0);
INSERT INTO KETQUAHOCPHAN VALUES('HP07','2021',1,'HV06',2,NULL,'2020-09-30',0);
INSERT INTO KETQUAHOCPHAN VALUES('HP07','2021',1,'HV07',3,NULL,'2020-09-30',0);
INSERT INTO KETQUAHOCPHAN VALUES('HP08','2021',1,'HV08',4,NULL,'2020-09-30',0);
INSERT INTO KETQUAHOCPHAN VALUES('HP08','2021',1,'HV09',5,NULL,'2020-09-30',0);
INSERT INTO KETQUAHOCPHAN VALUES('HP08','2021',1,'HV10',10,'2020-08-30',NULL,0);
